"Date","Year on Year Percent Change in the Consumer Price Index - Inflation Rate (%)","Year on Year Percent Change in the Consumer Price Index - Food (%)","Year on Year Percent Change in the Consumer Price Index - Core (%)","Year on Year Percent Change in the Consumer Price Index (End of Period) - Inflation Rate (%)","Year on Year Percent Change in the Consumer Price Index (End of Period) - Core (%)","Consumer Price Index - Bread and Cereals (Year-On-Year Per Cent Change)","Consumer Price Index - Meat (Year-On-Year Per Cent Change)","Consumer Price Index - Fish (Year-On-Year Per Cent Change)","Consumer Price Index - Milk, Cheese and Eggs (Year-On-Year Per Cent Change)","Consumer Price Index - Oils and Fats (Year-On-Year Per Cent Change)","Consumer Price Index - Fruits (Year-On-Year Per Cent Change)","Consumer Price Index - Vegetables (Year-On-Year Per Cent Change)","Consumer Price Index - Non-Alcoholic Drinks (Year-On-Year Per Cent Change)","Consumer Price Index - Alcoholic Beverages and Tobacco (Year-On-Year Per Cent Change)","Consumer Price Index - Clothing & Footwear (Year-On-Year Per Cent Change)","Consumer Price Index - Housing - (Year-On-Year Per Cent Change)","Consumer Price Index - Rent - (Year-On-Year Per Cent Change)","Consumer Price Index - Imputed Rent - (Year-On-Year Per Cent Change)","Consumer Price Index - Water,Electricity,Gas and Other Fuels - (Year-On-Year Per Cent Change)","Consumer Price Index - Furnishings, Household Equipment and Routine Maintenance of the House (Year-On-Year Per Cent Change)","Consumer Price Index - Health (Year-On-Year Per Cent Change)","Consumer Price Index - Transport- (Year-On-Year Per Cent Change)","Consumer Price Index - Communication (Year-On-Year Per Cent Change)","Consumer Price Index - Recreation and Culture (Year-On-Year Per Cent Change)","Consumer Price Index - Education (Year-On-Year Per Cent Change)","Consumer Price Index - Hotels, Cafes and Restaurants (Year-On-Year Per Cent Change)","Consumer Price Index - Miscellaneous Goods and Services (Year-On-Year Per Cent Change)","Consumer Price Index - All Items - (Year-On-Year Per Cent Change) - Tobago","Consumer Price Index - Food - (Year-On-Year Per Cent Change) - Tobago","Consumer Price Index - Core - (Year-On-Year Per Cent Change) - Tobago"
"31/12/1991","3.9","6.1","1.7","2.3","0.9","n.d.","n.d.","n.d.","n.d.","n.d.","n.d.","n.d.","n.d.","5.7","0.8","0.4","-0.3","7.1","-0.2","2.3","n.d.","0.6","n.d.","11.9","n.d.","1.6","-0.5","n.d.","n.d.","n.d."
"31/12/1992","6.5","8.7","4.2","8.5","4.3","n.d.","n.d.","n.d.","n.d.","n.d.","n.d.","n.d.","n.d.","20.3","-0.5","0.6","0.2","4.5","5.6","0.3","n.d.","9.4","n.d.","5.5","n.d.","2.3","4.1","n.d.","n.d.","n.d."
"31/12/1993","10.8","18.9","2.5","13.4","5.3","n.d.","n.d.","n.d.","n.d.","n.d.","n.d.","n.d.","n.d.","3.0","-1.1","2.5","1.1","7.7","1.4","2.4","n.d.","4.9","n.d.","3.9","n.d.","4.9","7.3","n.d.","n.d.","n.d."
"31/12/1994","8.8","17.4","4.5","5.5","2.1","n.d.","n.d.","n.d.","n.d.","n.d.","n.d.","n.d.","n.d.","3.4","-0.6","4.2","0.3","6.7","3.6","3.8","n.d.","8.5","n.d.","5.5","n.d.","7.3","7.6","n.d.","n.d.","n.d."
"31/12/1995","5.3","16.8","1.8","3.8","1.6","n.d.","n.d.","n.d.","n.d.","n.d.","n.d.","n.d.","n.d.","7.6","-1.3","2.7","0.2","3.0","0.0","0.6","n.d.","2.0","n.d.","3.6","n.d.","1.8","2.4","n.d.","n.d.","n.d."
"31/12/1996","3.3","10.2","1.0","4.3","1.3","n.d.","n.d.","n.d.","n.d.","n.d.","n.d.","n.d.","n.d.","1.4","-0.9","1.1","4.5","0.7","0.0","1.4","n.d.","0.8","n.d.","2.1","n.d.","6.2","1.9","n.d.","n.d.","n.d."
"31/12/1997","3.6","10.0","1.3","3.5","1.1","n.d.","n.d.","n.d.","n.d.","n.d.","n.d.","n.d.","n.d.","4.7","-1.3","0.4","1.2","0.3","0.0","3.2","n.d.","1.9","n.d.","3.3","n.d.","1.7","1.9","n.d.","n.d.","n.d."
"31/12/1998","5.6","15.1","1.8","5.6","2.0","n.d.","n.d.","n.d.","n.d.","n.d.","n.d.","n.d.","n.d.","4.0","-0.6","2.3","2.6","2.4","0.0","0.3","n.d.","1.7","n.d.","4.1","n.d.","2.0","3.4","n.d.","n.d.","n.d."
"31/12/1999","3.4","8.7","1.0","3.4","0.5","n.d.","n.d.","n.d.","n.d.","n.d.","n.d.","n.d.","n.d.","3.1","-2.5","1.6","1.4","1.6","0.8","0.6","n.d.","0.9","n.d.","2.6","n.d.","1.7","2.5","n.d.","n.d.","n.d."
"31/12/2000","3.6","8.3","1.2","5.6","1.6","n.d.","n.d.","n.d.","n.d.","n.d.","n.d.","n.d.","n.d.","2.8","-1.7","0.7","3.0","0.4","2.7","-0.4","n.d.","1.6","n.d.","4.2","n.d.","-0.9","3.1","n.d.","n.d.","n.d."
"31/12/2001","5.5","13.9","1.1","3.2","0.8","n.d.","n.d.","n.d.","n.d.","n.d.","n.d.","n.d.","n.d.","3.9","-1.4","0.1","1.1","0.0","0.3","-0.3","n.d.","2.1","n.d.","3.9","n.d.","0.3","3.1","n.d.","n.d.","n.d."
"31/12/2002","4.2","10.2","0.6","4.3","0.1","n.d.","n.d.","n.d.","n.d.","n.d.","n.d.","n.d.","n.d.","9.0","-2.3","-0.1","1.4","-0.3","0.9","0.6","n.d.","1.6","n.d.","0.0","n.d.","0.3","0.8","n.d.","n.d.","n.d."
"31/12/2003","3.8","13.8","0.4","3.0","1.0","n.d.","n.d.","n.d.","n.d.","n.d.","n.d.","n.d.","n.d.","-0.5","-1.2","0.1","3.3","-0.2","0.6","0.6","n.d.","0.6","n.d.","0.4","n.d.","0.9","1.3","n.d.","n.d.","n.d."
"31/12/2004","3.7","12.8","1.6","5.6","2.0","n.d.","n.d.","4.6","n.d.","n.d.","3.4","48.2","n.d.","3.0","-5.4","2.7","4.6","2.9","1.3","-0.5","2.4","4.3","-5.1","0.6","2.2","3.9","0.4","n.d.","n.d.","n.d."
"31/12/2005","6.9","22.9","2.6","7.2","2.7","n.d.","n.d.","14.3","n.d.","n.d.","42.3","77.2","n.d.","3.4","-1.7","2.5","5.7","2.7","0.7","0.8","4.1","2.9","-7.9","7.7","5.8","6.0","2.1","n.d.","n.d.","n.d."
"31/12/2006","8.3","23.2","3.6","9.1","4.6","0.7","8.5","28.9","7.9","n.d.","22.5","61.7","n.d.","12.4","-0.5","2.9","3.7","3.3","1.3","3.0","9.7","1.7","-10.2","9.4","12.4","6.2","2.3","n.d.","n.d.","n.d."
"31/12/2007","7.9","17.4","4.3","7.6","4.0","5.6","15.5","16.5","14.4","n.d.","24.9","25.0","n.d.","12.4","2.2","4.3","4.1","5.1","1.7","1.8","5.3","3.9","0.0","2.7","12.0","9.0","5.2","n.d.","n.d.","n.d."
"31/12/2008","12.0","25.9","6.2","14.5","7.1","44.2","13.1","24.9","20.8","23.4","33.3","28.4","5.9","12.8","2.7","5.5","5.4","3.7","11.9","5.7","6.2","3.0","0.0","9.2","13.9","20.0","4.7","11.4","30.4","5.6"
"31/12/2009","7.0","12.6","4.1","1.3","2.2","10.1","4.9","10.3","-3.4","12.8","34.1","12.3","6.3","8.3","-0.5","4.5","4.4","3.9","6.3","0.7","6.1","6.6","0.0","-2.9","6.4","11.7","6.5","4.4","4.4","4.4"
"31/12/2010","10.5","22.1","4.3","13.4","4.7","-4.0","2.0","5.5","0.6","-2.6","40.8","32.9","3.0","10.3","-1.0","0.3","6.9","-1.2","2.2","0.7","4.9","11.3","0.0","7.3","2.7","1.8","4.2","4.2","5.9","3.5"
"31/12/2011","5.1","10.5","1.7","5.3","1.5","3.4","8.5","7.4","9.2","4.9","33.7","6.7","4.4","5.1","0.6","1.3","6.5","1.0","0.0","1.0","2.2","0.8","0.0","3.9","2.2","2.0","2.9","1.8","4.5","0.7"
"31/12/2012","9.3","19.1","2.5","7.2","3.0","3.3","6.8","9.0","4.6","13.0","27.2","29.3","3.0","3.6","2.9","2.4","5.7","2.6","0.1","1.7","2.7","2.0","0.1","3.6","2.8","3.3","2.5","6.0","17.6","1.4"
"31/12/2013","5.2","8.7","2.4","5.6","2.0","0.5","5.2","8.3","-0.4","0.4","1.0","17.0","-1.1","3.2","0.4","0.1","1.0","0.0","0.0","0.9","5.3","3.4","0.0","3.6","4.9","3.5","7.0","6.5","14.0","3.1"
"31/12/2014","5.7","10.0","2.0","8.5","1.4","1.8","9.1","9.5","4.2","0.9","-1.8","14.9","2.2","3.3","2.0","0.7","1.4","0.8","0.0","0.2","3.0","2.7","0.0","0.7","7.6","3.6","5.7","1.7","3.0","1.1"
"31/12/2015","4.7","8.6","1.8","1.5","2.4","1.9","16.9","6.2","1.3","0.3","2.5","7.1","2.6","3.3","4.5","0.9","1.6","1.0","0.0","1.2","1.0","1.0","-0.8","3.2","8.0","2.3","4.6","0.1","0.0","0.7"
"31/12/2016","3.1","7.5","2.1","3.1","2.3","6.5","7.4","4.6","-1.2","7.7","7.5","10.8","12.7","1.6","3.7","-0.3","1.1","-0.6","0.5","1.5","6.5","3.1","6.6","2.9","0.6","4.6","2.4","2.0","6.5","1.3"
"31/12/2017","1.9","2.9","1.6","1.3","0.8","1.4","1.2","3.2","4.6","5.0","6.5","3.2","1.6","5.2","0.1","0.0","1.3","-0.1","0.2","1.8","14.5","1.2","2.1","0.7","0.0","3.6","1.7","2.3","4.0","2.0"
"31/12/2018","1.0","1.1","1.0","1.0","1.3","0.7","-0.8","2.6","5.0","3.6","3.5","0.8","1.3","-0.1","-4.5","2.4","1.1","2.9","0.0","-0.5","1.6","1.9","-1.3","0.8","0.0","2.6","0.6","0.8","3.5","0.3"
"31/12/2019","1.0","0.6","1.1","0.4","0.6","-0.5","0.8","0.3","0.0","0.2","-1.8","1.1","1.1","1.9","-2.6","1.0","1.7","1.0","0.0","-0.1","5.5","1.4","0.3","0.3","0.0","2.0","2.7","1.9","0.3","2.1"
"31/12/2020","0.6","2.8","0.1","0.8","0.0","1.1","3.5","6.0","2.0","2.4","1.3","4.3","1.6","2.4","-3.8","0.5","1.5","0.5","0.0","0.7","2.7","-1.0","-0.1","-0.5","0.0","1.8","1.0","0.4","1.1","0.3"
"31/12/2021","2.1","4.4","1.5","3.5","3.0","2.9","5.7","4.4","3.4","6.7","6.1","5.8","1.2","3.2","-2.8","3.2","0.6","3.9","0.0","0.8","2.9","1.8","0.2","0.2","0.0","0.9","-0.1","1.5","2.1","1.3"
"31/12/2022","5.8","10.4","4.7","8.7","6.7","13.1","12.4","7.8","6.9","13.8","8.6","11.3","5.6","2.4","0.5","6.0","0.6","7.6","0.0","6.2","2.2","7.9","2.4","0.5","0.0","5.5","3.0","7.1","9.1","6.8"
"31/12/2023","4.6","7.7","3.9","0.7","1.2","8.1","0.4","-0.2","8.3","13.7","7.3","10.4","12.0","3.6","-1.4","0.5","1.5","0.5","0.0","3.7","3.6","8.1","1.7","9.8","0.0","8.1","6.1","5.2","10.2","4.3"
"31/12/2024","0.5","1.5","0.2","0.5","-0.3","-1.0","1.8","-1.1","0.9","-4.2","0.4","4.5","4.5","3.7","-2.1","-1.3","1.3","-1.7","0.0","-2.7","6.4","-0.4","7.2","-0.8","0.0","3.0","2.0","1.0","1.3","0.9"
"31/12/2025","1.0","3.0","0.5","0.4","0.5","3.0","5.5","3.4","3.1","2.0","4.6","-0.5","1.9","5.8","0.0","0.3","1.0","0.3","0.0","-0.1","1.5","-0.3","0.6","0.6","0.0","1.3","1.4","2.2","2.5","2.1"